<!-- Extract SAP access and refresh token. -->
<ExtractVariables async="true" continueOnError="false" enabled="true" xmlns='http://www.sap.com/apimgmt'>
	<JSONPayload>
	    <Variable name="private.SAPBearerToken" type="string">
	        <JSONPath>$.access_token</JSONPath>
	    </Variable>
	    <Variable name="private.SAPRefreshToken" type="string">
	        <JSONPath>$.refresh_token</JSONPath>
	    </Variable>
	    <Variable name="private.SAPBearerExpiry" type="string">
	        <JSONPath>$.expires_in</JSONPath>
	    </Variable>
	</JSONPayload>
	<Source>SAPOAuthResponse.content</Source>
</ExtractVariables> 