<!-- In case no cached SAP issued tokens available, exchange provided JWT for SAML2 using Entra ID. -->
<ServiceCallout async="true" continueOnError="false" enabled="true" xmlns="http://www.sap.com/apimgmt">
	<Request>
	    <Set>
	        <Headers>
	            <Header name="Content-Type">application/x-www-form-urlencoded</Header>
	            <Header name="Accept-Encoding">gzip, deflate</Header>
	        </Headers>
	        <FormParams>
	            <FormParam name="grant_type">urn:ietf:params:oauth:grant-type:jwt-bearer</FormParam>
	            <FormParam name="assertion">{private.bearerToken}</FormParam>
	            <FormParam name="client_id">{private.microsoft.apim.entra-app-id}</FormParam>
	            <FormParam name="client_secret">{private.microsoft.apim.entra-app-secret}</FormParam>
	            <FormParam name="scope">{private.microsoft.apim.entra-resource}/.default</FormParam>
	            <FormParam name="requested_token_use">on_behalf_of</FormParam>
                <FormParam name="requested_token_type">urn:ietf:params:oauth:token-type:saml2</FormParam>
            </FormParams>
    	    <Verb>POST</Verb>
	    </Set>
	</Request>
	<Response>SAMLAssertionResponse</Response>
	<Timeout>30000</Timeout>
	<HTTPTargetConnection>
		<URL>https://login.microsoftonline.com/{private.microsoft.entra-id-tenant}/oauth2/v2.0/token</URL>
	</HTTPTargetConnection>
</ServiceCallout>