<!-- Optional policy that takes care of CSRF token requests for consumer apps that don't have built-in support. SAP CAP etc. can skip this step. -->
<ServiceCallout async="false" continueOnError="false" enabled="true" xmlns="http://www.sap.com/apimgmt">
	<Request>
	    <Set>
	        <Headers>
	            <Header name="Authorization">Bearer {private.SAPBearerToken}</Header>
	            <Header name="X-CSRF-Token">Fetch</Header>
	            <Header name="If-Match">{precondition}</Header>
	        </Headers>
    	    <Verb>HEAD</Verb>
	    </Set>
	</Request>
	<Response>SAPCSRFResponse</Response>
	<Timeout>30000</Timeout>
	<HTTPTargetConnection>
		<APIProvider>PM1-via-SCC</APIProvider> <!-- Name of your API provider of type on-premise. See this tutorial for more details: https://learning.sap.com/learning-journeys/developing-with-sap-integration-suite/creating-an-api-provider_b95113e7-369f-4dd3-9773-ec4e0fde2e00  -->
		<Path>{onpremise.target.basepath}/{proxy.pathsuffix}</Path> <!-- ensure CSRF HEAD request is routed through SCC to base path -->
	</HTTPTargetConnection>
</ServiceCallout>
