<!-- Key/value pairs needed for the SAP Principal Propagation setup. See this blog for details: -->
<KeyValueMapOperations mapIdentifier="SAPPrincipalPropagationMap" async="false" continueOnError="false" enabled="true" xmlns="http://www.sap.com/apimgmt">
	<Get assignTo="private.microsoft.entra-id-tenant">
        <Key>
            <Parameter>entra-id-tenant-id</Parameter> <!-- e.g. 12a345bc-1234-56ab-78ab-zzzzzzzzz. Find on Azure portal.-->
        </Key>
    </Get>
    <Get assignTo="private.microsoft.apim.entra-app-id">
        <Key>
            <Parameter>AADRegisteredAppClientId</Parameter> <!-- e.g. 999abce-7777-abcd-a6c9-zzzzzzzzzzz. Entra id app registration for your SAP APIM -->
        </Key>
    </Get>
    <Get assignTo="private.microsoft.apim.entra-app-secret">
        <Key>
            <Parameter>AADRegisteredAppClientSecret</Parameter> <!-- Secret of your Entra id app registration for your SAP APIM. Consider automation with BTP or Azure to rotate on expiry. https://github.com/Azure/AzureAD-AppSecretManager -->
        </Key>
    </Get>
    <Get assignTo="private.microsoft.apim.entra-resource">
        <Key>
            <Parameter>AADSAPResource</Parameter> <!-- e.g. https://a4h100. Find with transaction SAML2 or webdynpro /sap/bc/webdynpro/sap/saml2?sap-client=001 -->
        </Key>
    </Get>
    <Get assignTo="private.apim.audience">
        <Key>
            <Parameter>entra-id-audience</Parameter> <!-- e.g. api://999abce-7777-abcd-a6c9-zzzzzzzzzzz. Find URI from Entra ID app registration representing your API Management. -->
        </Key>
    </Get>
	<Get assignTo="private.oauth.username">
        <Key>
            <Parameter>sap-oauth-client-username</Parameter> <!-- OAuth client username provided on SOAUTH2 transaction or webdynpro /sap/bc/webdynpro/sap/oauth2_config?sap-client=001 -->
        </Key>
    </Get>
    <Get assignTo="private.oauth.password">
        <Key>
            <Parameter>sap-oauth-client-password</Parameter> <!-- Password for SAP user of type system representing the OAuth client on SAP -->
        </Key>
    </Get>
    <Get assignTo="private.oauth.scope">
        <Key>
            <Parameter>sap-oauth-scope</Parameter> <!-- e.g. ZPRODUCTSVIEW_CDS_0001. Find on SOAUTH2 transaction or PFCG -->
        </Key>
    </Get>
    <Get assignTo="private.oauth.tokenendpoint">
        <Key>
            <Parameter>SAPOAuthServerAdressForTokenEndpoint</Parameter> <!-- e.g. a4h-internal.cloudapp.net:44301. Resolvable host and port pointing at your SAP OAuth server. In SAP Cloud connector scenarios the virtual host and port. -->
        </Key>
    </Get>
    <Get assignTo="private.microsoft.issuer">
        <Key>
            <Parameter>issuer</Parameter> <!-- e.g. https://sts.windows.net/12a345bc-1234-56ab-78ab-zzzzzzzzz/ or https://login.microsoftonline.com/12a345bc-1234-56ab-78ab-zzzzzzzzz for Entra ID v2 endpoints. -->
        </Key>
    </Get>
	<!-- the scope of the key value map. Valid values are environment, organization, apiproxy and policy -->
	<Scope>environment</Scope>
</KeyValueMapOperations>
