<!-- Request SAP issued token from SAP OAuth server using cached SAP issued refresh token. -->
<!-- Check this blog for more info on the Cloud Connector part: https://community.sap.com/t5/technology-blogs-by-sap/principal-propagation-between-azure-ad-and-an-on-premise-sap-system-through/bc-p/13503739-->
<ServiceCallout async="false" continueOnError="false" enabled="true" xmlns="http://www.sap.com/apimgmt">
	<Request>
	    <Set>
	        <Headers>
	            <Header name="Authorization">{request.header.Authorization}</Header>
	            <Header name="Content-Type">application/x-www-form-urlencoded</Header>
	        </Headers>
	        <FormParams>
	            <FormParam name="grant_type">refresh_token</FormParam>
	            <FormParam name="refresh_token">{private.SAPRefreshToken}</FormParam>
	            <FormParam name="client_id">{private.oauth.username}</FormParam>
	            <FormParam name="scope">{private.oauth.scope}</FormParam>
	        </FormParams>
    	    <Verb>POST</Verb>
	    </Set>
	</Request>
	<Response>SAPOAuthResponse</Response>
	<Timeout>30000</Timeout>
	<HTTPTargetConnection>
		<APIProvider>PM1-via-SCC</APIProvider> <!-- Name of your API provider of type on-premise. See this tutorial for more details: https://learning.sap.com/learning-journeys/developing-with-sap-integration-suite/creating-an-api-provider_b95113e7-369f-4dd3-9773-ec4e0fde2e00  -->
		<Path>/sap/bc/sec/oauth2/token</Path>
	</HTTPTargetConnection>
</ServiceCallout>
