<!-- Setup authentication for SAP OAuth client for token request on-behalf-of Entra ID known user. -->
<BasicAuthentication async='false' continueOnError='false' enabled='true' xmlns='http://www.sap.com/apimgmt'>
 	<!-- Operation can be Encode or Decode -->
	<Operation>Encode</Operation>
	<IgnoreUnresolvedVariables>false</IgnoreUnresolvedVariables>
	<User ref='private.oauth.username'></User>
	<Password ref='private.oauth.password'></Password>
	<AssignTo createNew="true">request.header.Authorization</AssignTo>
</BasicAuthentication>