<!-- Cache SAP refresh token. -->
<PopulateCache async="false" continueOnError="false" enabled="true" xmlns='http://www.sap.com/apimgmt'>
	<CacheKey>
		<Prefix>SAPPrincipalRefresh</Prefix>
        <KeyFragment ref="jwt.DecodeJWT.claim.subject" />
	</CacheKey>
	<Scope>Exclusive</Scope>
	<ExpirySettings>
		<!-- clear refresh token from cache after 3 days. Default expiry on NetWeaver is 2 years. -->
		<TimeoutInSec>259200</TimeoutInSec>
	</ExpirySettings>
	<Source>private.SAPRefreshToken</Source>
</PopulateCache>