<!-- Cache SAP access token. -->
<PopulateCache async="false" continueOnError="false" enabled="true" xmlns='http://www.sap.com/apimgmt'>
	<CacheKey>
		<Prefix>SAPPrincipal</Prefix>
        <KeyFragment ref="jwt.DecodeJWT.claim.subject" />
	</CacheKey>
	<Scope>Exclusive</Scope>
	<ExpirySettings>
		<!-- Apply SAP's communicated expiry time to the SAP APIM cache. Typically 1h. -->
		<TimeoutInSec ref="private.SAPBearerExpiry"/>
	</ExpirySettings>
	<Source>private.SAPBearerToken</Source>
</PopulateCache>
