<!-- Verify JWT Token -->
<VerifyJWT async="false" continueOnError="false" enabled="true" xmlns="http://www.sap.com/apimgmt">
<Algorithm>RS256</Algorithm>
<IgnoreUnresolvedVariables>false</IgnoreUnresolvedVariables>
<!-- Use https://sts.windows.net/<your entra id tenant id>/ for v1 endpoints -->
<!-- Use https://login.microsoftonline.com/<your entra id tenant id>/v2.0 for v1 endpoints -->
<Issuer ref="private.microsoft.issuer"/>
<Audience ref="private.apim.audience"/>
<PublicKey>
	<JWKS ref="JWTKeys.content"/>
</PublicKey>
<AdditionalClaims>
		<Claim name="scp" type="string">user_impersonation</Claim>
</AdditionalClaims>
</VerifyJWT>
