<!-- Request SAP issued token from SAP OAuth server using SAML2 assertion issed by Entra ID earlier. -->
<!-- Check this blog for more info: See this SAP note for more info: https://me.sap.com/notes/0003043427 -->
<ServiceCallout async="false" continueOnError="false" enabled="true" xmlns="http://www.sap.com/apimgmt">
	<Request>
	    <Set>
	        <Headers>
	            <Header name="Content-Type">application/x-www-form-urlencoded</Header>
	        </Headers>
	        <FormParams>
	            <FormParam name="grant_type">urn:ietf:params:oauth:grant-type:saml2-bearer</FormParam>
	            <FormParam name="assertion">{private.entra_id_SAML_access_token}</FormParam>
	            <FormParam name="client_id">{private.oauth.sf_api_key}</FormParam>
	            <FormParam name="company_id">{private.oauth.company_id}</FormParam>
	        </FormParams>
    	    <Verb>POST</Verb>
	    </Set>
	</Request>
	<Response>SAPOAuthResponse</Response>
	<Timeout>30000</Timeout>
	<HTTPTargetConnection>
	    <URL>https://{private.oauth.tokenendpoint}/oauth/token</URL>
	</HTTPTargetConnection>
</ServiceCallout>
