<!-- Respond only with JSON formats for best compatability with consumer apps. XML often not supported. -->
<!-- introduce json format conversion only for non-metadata calls and only for GET operations. Otherwise bad request. -->
<AssignMessage async="false" continueOnError="false" enabled="true" xmlns='http://www.sap.com/apimgmt'>
	<Set>
        <QueryParams>
          <QueryParam name='$format'>json</QueryParam>
        </QueryParams>
    </Set>
    <IgnoreUnresolvedVariables>false</IgnoreUnresolvedVariables>
    <AssignTo createNew="false" type="request">request</AssignTo>
</AssignMessage>