<!-- Optional policy that takes care of CSRF token requests for consumer apps that don't have built-in support. SAP CAP etc. can skip this step. -->
<ServiceCallout async="false" continueOnError="false" enabled="true" xmlns="http://www.sap.com/apimgmt">
	<Request>
	    <Set>
	        <Headers>
	            <Header name="Authorization">Bearer {private.SAPBearerToken}</Header>
	            <Header name="X-CSRF-Token">Fetch</Header>
	            <!--<Header name="If-Match">{precondition}</Header>-->
	        </Headers>
    	    <Verb>HEAD</Verb>
	    </Set>
	</Request>
	<Response>SAPCSRFResponse</Response>
	<Timeout>30000</Timeout>
	<HTTPTargetConnection>
		<APIProvider>successfactors</APIProvider>
		<Path>{target.basepath}/{proxy.pathsuffix}</Path>
	</HTTPTargetConnection>
</ServiceCallout>
