<!-- https://community.sap.com/t5/technology-blogs-by-sap/part-3-configuring-jwt-token-verification-flows-for-azure-active-directory/ba-p/13419783
    
    https://datatracker.ietf.org/doc/html/rfc7517#appendix-A.1
    
    https://help.sap.com/docs/sap-api-management/sap-api-management-for-neo-environment-development-draft-internal/verify-jwt
    
    Do not cache these keys! Or create logic to determine expiry. Otherwise API downtimes may occur.
-->
<ServiceCallout async="false" continueOnError="false" enabled="true" xmlns="http://www.sap.com/apimgmt">
	<Request/>
	<Response>JWTKeys</Response>
	<Timeout>30000</Timeout>
	<HTTPTargetConnection>
		<!-- Entra ID endpoint to retrieve keys for subsequent token validation: https://learn.microsoft.com/entra/identity-platform/access-tokens#validate-the-issuer -->
		<URL>https://login.microsoftonline.com/{private.microsoft.entra-id-tenant}/discovery/keys</URL>
	</HTTPTargetConnection>
</ServiceCallout>
