<!-- Assign etag if needed, csrf token, and desired content type for OData requests with data change intent. -->
<AssignMessage async="false" continueOnError="false" enabled="true" xmlns='http://www.sap.com/apimgmt'>
    <Set>
        <Headers>
            <Header name="x-csrf-token">{SAPCSRFResponse.header.x-csrf-token}</Header>
            <Header name="Cookie">{SAPCSRFResponse.header.Set-Cookie.1};{SAPCSRFResponse.header.Set-Cookie.2}</Header>
            <!--<Header name="If-Match">{precondition}</Header>-->
            <Header name="Content-Type">{mycontenttype}</Header>
        </Headers>
    </Set>
	<IgnoreUnresolvedVariables>false</IgnoreUnresolvedVariables>
	<AssignTo createNew="false" type="request">request</AssignTo>
</AssignMessage>