<?xml version="1.0" encoding="UTF-8"?><PolicyTemplateContainer>
    <name>SAP-Principal-Propagation-with-Entra-Id</name>
    <version>1</version>
    <title>SAP Principal Propagation with Entra Id</title>
    <proxyEndPointxml>&lt;preFlow&gt;&lt;name&gt;PreFlow&lt;/name&gt;&lt;request&gt;&lt;isRequest&gt;true&lt;/isRequest&gt;&lt;steps&gt;&lt;/steps&gt;&lt;/request&gt;&lt;response&gt;&lt;isRequest&gt;false&lt;/isRequest&gt;&lt;steps&gt;&lt;/steps&gt;&lt;/response&gt;&lt;/preFlow&gt;&lt;postFlow&gt;&lt;name&gt;PostFlow&lt;/name&gt;&lt;request&gt;&lt;isRequest&gt;true&lt;/isRequest&gt;&lt;steps&gt;&lt;/steps&gt;&lt;/request&gt;&lt;response&gt;&lt;isRequest&gt;false&lt;/isRequest&gt;&lt;steps&gt;&lt;/steps&gt;&lt;/response&gt;&lt;/postFlow&gt;&lt;defaultFaultRule&gt;&lt;name&gt;defaultFaultRule&lt;/name&gt;&lt;steps&gt;&lt;/steps&gt;&lt;/defaultFaultRule&gt;&lt;postClientFlow&gt;&lt;name&gt;postClientFlow&lt;/name&gt;&lt;response&gt;&lt;steps&gt;&lt;/steps&gt;&lt;/response&gt;&lt;/postClientFlow&gt;</proxyEndPointxml>
    <life_cycle>
        <changed_by>mapankra@microsoft.com</changed_by>
        <created_by>mapankra@microsoft.com</created_by>
    </life_cycle>
    <targetEndPointxml>&lt;preFlow&gt;&lt;name&gt;PreFlow&lt;/name&gt;&lt;request&gt;&lt;isRequest&gt;true&lt;/isRequest&gt;&lt;steps&gt;&lt;/steps&gt;&lt;/request&gt;&lt;response&gt;&lt;isRequest&gt;false&lt;/isRequest&gt;&lt;steps&gt;&lt;/steps&gt;&lt;/response&gt;&lt;/preFlow&gt;&lt;postFlow&gt;&lt;name&gt;PostFlow&lt;/name&gt;&lt;request&gt;&lt;isRequest&gt;true&lt;/isRequest&gt;&lt;steps&gt;&lt;step&gt;&lt;policy_name&gt;GetCSRFToken&lt;/policy_name&gt;&lt;condition&gt;request.verb != "GET" AND request.verb != "HEAD"&lt;/condition&gt;&lt;sequence&gt;18&lt;/sequence&gt;&lt;/step&gt;&lt;step&gt;&lt;policy_name&gt;extractJWT&lt;/policy_name&gt;&lt;condition&gt;&lt;/condition&gt;&lt;sequence&gt;1&lt;/sequence&gt;&lt;/step&gt;&lt;step&gt;&lt;policy_name&gt;MapVariables&lt;/policy_name&gt;&lt;condition&gt;&lt;/condition&gt;&lt;sequence&gt;2&lt;/sequence&gt;&lt;/step&gt;&lt;step&gt;&lt;policy_name&gt;GetEntraIdJWKS&lt;/policy_name&gt;&lt;condition&gt;&lt;/condition&gt;&lt;sequence&gt;3&lt;/sequence&gt;&lt;/step&gt;&lt;step&gt;&lt;policy_name&gt;VerifyEntraIdJWT&lt;/policy_name&gt;&lt;condition&gt;&lt;/condition&gt;&lt;sequence&gt;4&lt;/sequence&gt;&lt;/step&gt;&lt;step&gt;&lt;policy_name&gt;DecodeJWT&lt;/policy_name&gt;&lt;condition&gt;&lt;/condition&gt;&lt;sequence&gt;5&lt;/sequence&gt;&lt;/step&gt;&lt;step&gt;&lt;policy_name&gt;LookupSAPTokens&lt;/policy_name&gt;&lt;condition&gt;&lt;/condition&gt;&lt;sequence&gt;6&lt;/sequence&gt;&lt;/step&gt;&lt;step&gt;&lt;policy_name&gt;LookupSAPRefreshToken&lt;/policy_name&gt;&lt;condition&gt;lookupcache.LookupSAPTokens.cachehit != true&lt;/condition&gt;&lt;sequence&gt;7&lt;/sequence&gt;&lt;/step&gt;&lt;step&gt;&lt;policy_name&gt;fetchSAMLAssertion&lt;/policy_name&gt;&lt;condition&gt;lookupcache.LookupSAPTokens.cachehit != true AND lookupcache.LookupSAPRefreshToken.cachehit != true&lt;/condition&gt;&lt;sequence&gt;8&lt;/sequence&gt;&lt;/step&gt;&lt;step&gt;&lt;policy_name&gt;ExtractAccessToken&lt;/policy_name&gt;&lt;condition&gt;lookupcache.LookupSAPTokens.cachehit != true AND lookupcache.LookupSAPRefreshToken.cachehit != true&lt;/condition&gt;&lt;sequence&gt;9&lt;/sequence&gt;&lt;/step&gt;&lt;step&gt;&lt;policy_name&gt;SAPOAuthBasicCredential&lt;/policy_name&gt;&lt;condition&gt;lookupcache.LookupSAPTokens.cachehit != true&lt;/condition&gt;&lt;sequence&gt;10&lt;/sequence&gt;&lt;/step&gt;&lt;step&gt;&lt;policy_name&gt;RefreshSAPToken&lt;/policy_name&gt;&lt;condition&gt;lookupcache.LookupSAPTokens.cachehit != true AND lookupcache.LookupSAPRefreshToken.cachehit = true&lt;/condition&gt;&lt;sequence&gt;11&lt;/sequence&gt;&lt;/step&gt;&lt;step&gt;&lt;policy_name&gt;fetchSAPOAuthToken&lt;/policy_name&gt;&lt;condition&gt;lookupcache.LookupSAPTokens.cachehit != true AND lookupcache.LookupSAPRefreshToken.cachehit != true&lt;/condition&gt;&lt;sequence&gt;12&lt;/sequence&gt;&lt;/step&gt;&lt;step&gt;&lt;policy_name&gt;ExtractSAPOAuthTokens&lt;/policy_name&gt;&lt;condition&gt;lookupcache.LookupSAPTokens.cachehit != true&lt;/condition&gt;&lt;sequence&gt;13&lt;/sequence&gt;&lt;/step&gt;&lt;step&gt;&lt;policy_name&gt;StoreSAPToken&lt;/policy_name&gt;&lt;condition&gt;lookupcache.LookupSAPTokens.cachehit != true&lt;/condition&gt;&lt;sequence&gt;14&lt;/sequence&gt;&lt;/step&gt;&lt;step&gt;&lt;policy_name&gt;StoreSAPRefreshToken&lt;/policy_name&gt;&lt;condition&gt;lookupcache.LookupSAPTokens.cachehit != true&lt;/condition&gt;&lt;sequence&gt;15&lt;/sequence&gt;&lt;/step&gt;&lt;step&gt;&lt;policy_name&gt;assignSAPToken&lt;/policy_name&gt;&lt;condition&gt;&lt;/condition&gt;&lt;sequence&gt;16&lt;/sequence&gt;&lt;/step&gt;&lt;step&gt;&lt;policy_name&gt;SetCSRFCookie&lt;/policy_name&gt;&lt;condition&gt;request.verb != "GET" AND request.verb != "HEAD"&lt;/condition&gt;&lt;sequence&gt;19&lt;/sequence&gt;&lt;/step&gt;&lt;step&gt;&lt;policy_name&gt;FormatJSON&lt;/policy_name&gt;&lt;condition&gt;!(proxy.pathsuffix MatchesPath "/$metadata") AND (request.verb = "GET")&lt;/condition&gt;&lt;sequence&gt;20&lt;/sequence&gt;&lt;/step&gt;&lt;/steps&gt;&lt;/request&gt;&lt;response&gt;&lt;isRequest&gt;false&lt;/isRequest&gt;&lt;steps&gt;&lt;/steps&gt;&lt;/response&gt;&lt;/postFlow&gt;&lt;defaultFaultRule&gt;&lt;name&gt;defaultFaultRule&lt;/name&gt;&lt;steps&gt;&lt;/steps&gt;&lt;/defaultFaultRule&gt;&lt;postClientFlow&gt;&lt;name&gt;postClientFlow&lt;/name&gt;&lt;response&gt;&lt;steps&gt;&lt;/steps&gt;&lt;/response&gt;&lt;/postClientFlow&gt;</targetEndPointxml>
    <policies>
        <policy type="DecodeJWT">DecodeJWT</policy>
        <policy type="LookupCache">LookupSAPRefreshToken</policy>
        <policy type="ServiceCallout">GetCSRFToken</policy>
        <policy type="RaiseFault">defaultRaiseFaultPolicy</policy>
        <policy type="ServiceCallout">fetchSAMLAssertion</policy>
        <policy type="ServiceCallout">fetchSAPOAuthToken</policy>
        <policy type="ServiceCallout">RefreshSAPToken</policy>
        <policy type="AssignMessage">assignSAPToken</policy>
        <policy type="LookupCache">LookupSAPTokens</policy>
        <policy type="VerifyJWT">VerifyEntraIdJWT</policy>
        <policy type="Javascript">extractJWT</policy>
        <policy type="BasicAuth">SAPOAuthBasicCredential</policy>
        <policy type="ExtractVariable">ExtractAccessToken</policy>
        <policy type="AssignMessage">FormatJSON</policy>
        <policy type="ServiceCallout">GetEntraIdJWKS</policy>
        <policy type="KeyValueMapOperations">MapVariables</policy>
        <policy type="AssignMessage">SetCSRFCookie</policy>
        <policy type="ExtractVariable">ExtractSAPOAuthTokens</policy>
        <policy type="PopulateCache">StoreSAPRefreshToken</policy>
        <policy type="PopulateCache">StoreSAPToken</policy>
    </policies>
    <fileResources>
        <fileResource type="js">extractJWT</fileResource>
    </fileResources>
</PolicyTemplateContainer>